{
  "MedInc": {
    "min": 0.4999,
    "max": 15.0001
  },
  "HouseAge": {
    "min": 1.0,
    "max": 52.0
  },
  "AveRooms": {
    "min": 0.8461538461538461,
    "max": 19.96212121212121
  },
  "AveBedrms": {
    "min": 0.3333333333333333,
    "max": 6.5
  },
  "Population": {
    "min": 3.0,
    "max": 35682.0
  },
  "AveOccup": {
    "min": 0.75,
    "max": 9.954545454545455
  },
  "Latitude": {
    "min": 32.54,
    "max": 41.95
  },
  "Longitude": {
    "min": -124.35,
    "max": -114.31
  },
  "rooms_per_person": {
    "min": 0.2702702702702703,
    "max": 10.263403263403264
  },
  "bedrooms_per_room": {
    "min": 0.1,
    "max": 1.0
  },
  "population_per_household": {
    "min": 2.0,
    "max": 6082.0
  },
  "population_per_room": {
    "min": 0.6428571428571429,
    "max": 6770.139566341754
  },
  "medinc_houseage_interaction": {
    "min": 1.625,
    "max": 780.0052
  }
}