{
  "MAE": 0.3355785547805685,
  "RMSE": 0.49807026915219066,
  "R2": 0.8106896418350616
}