{
  "MAE": 0.31190436455772325,
  "RMSE": 0.4738184827521838,
  "R2": 0.8286764221510777
}